,Name,RA_ICRS,DE_ICRS,TYPE,band_num,class,pred_class,Score_AGN,radio_detect,pred_radio,scaled_score_radio,scaled_score_rAGN,Z,pred_Z,Total_flux_VLASS,Stotal_TGSS,FEP,Flux_COSMOSVLA3,W1mproPM,W2mproPM,gmag,rmag,imag,zmag,ymag,FUVmag,NUVmag,Jmag,Hmag,Kmag,W3mag,W4mag
25952,J095933.94+020117.3,149.89143,2.0214849,CCCC,9,0.5,1,0.4641809,0,1,0.5521855486167624,0.25631398492392254,,4.842,15.21,11.18,57.9,21.25,20.13,19.81,23.3,21.4356,20.0686,21.1829,21.4,20.0,21.0,17.45,17.24,16.59,16.67,14.62
12639,J095952.27+023805.8,149.96779,2.634977,CCCC,9,0.5,1,0.4759576,0,1,0.5990187332731693,0.2851075186437378,,4.726,15.21,11.18,57.9,21.25,20.13,19.81,23.3,21.1865,20.4217,20.8933,21.4,20.0,21.0,17.45,17.24,16.59,16.67,14.62
